{
  "minecraft:recipes/decorations/crafting_table": {
    "criteria": {
      "unlock_right_away": "2024-06-25 22:39:29 +0000"
    },
    "done": true
  },
  "minecraft:adventure/adventuring_time": {
    "criteria": {
      "minecraft:beach": "2024-06-25 22:52:20 +0000",
      "minecraft:lukewarm_ocean": "2024-06-25 22:52:17 +0000",
      "minecraft:river": "2024-06-25 22:52:27 +0000",
      "minecraft:forest": "2024-06-25 22:39:31 +0000",
      "minecraft:ocean": "2024-06-25 22:52:13 +0000",
      "minecraft:old_growth_birch_forest": "2024-06-25 22:52:02 +0000",
      "minecraft:plains": "2024-06-25 22:52:14 +0000"
    },
    "done": false
  },
  "DataVersion": 3465
}